category,image_auroc,pixel_auroc,best_threshold,best_f1
bottle,1.0,0.9865019835271011,0.6394230723381042,1.0
cable,0.9793853073463269,0.9755641617117949,0.7047482132911682,0.9417989417989417
capsule,0.8938970881531711,0.9730069579421602,0.5211487412452698,0.9515418502202643
carpet,0.995585874799358,0.9901884618656024,0.583635687828064,0.9828571428571429
grid,0.8980785296574769,0.9750094777799716,0.6454419493675232,0.897196261682243
hazelnut,0.9982142857142857,0.9887902626202005,0.7678075432777405,0.9859154929577465
leather,1.0,0.9931055167889251,0.5927808284759521,1.0
metal_nut,1.0,0.9695322999732727,0.6773054599761963,1.0
pill,0.9601745771958538,0.9556897125858193,0.6084936857223511,0.958041958041958
screw,0.8132814101250256,0.9702091856867168,0.5789501070976257,0.8846153846153846
tile,0.9945887445887446,0.9555631295877393,0.6379799842834473,0.9882352941176471
toothbrush,0.8666666666666667,0.9880376967997203,0.611969530582428,0.9523809523809523
transistor,0.9770833333333333,0.900917079535723,0.6899881958961487,0.898876404494382
wood,0.9903508771929823,0.9512742395321521,0.700425386428833,0.9747899159663865
zipper,0.9558823529411764,0.9692104915711908,0.5161042809486389,0.9620253164556962
mean,0.9548792698476267,0.9695067105005394,0.6317468444506328,0.9585516610392498
